datei;version;umgebung;messung_an;vorladen_abgewartet;nr;mode;gesamt_ms;elemente_vorher;elemente_nachher;umfaerben_ms;rahmen_ms;optionen_bauen_ms;update_summe_ms;abbau_alt_ms;abdeckung_ms;rest_ms;rss_vorher;rss_spitze;rss_nachher;vorladen_ms;rss_spitze_vorladen;elemente_danach;rss_danach;bildspeicher_mb
f1_v0581_ohneperf.json;0.58.1;linux-xvfb;False;True;1;hell;3901;3982;1152;970,0;168,9;1460,8;607,0;845,5;51,4;404,4;182,2;200,5;200,5;3816;226,7;3704;226,7;131,7
f1_v0581_ohneperf.json;0.58.1;linux-xvfb;False;True;2;dunkel;3573;3704;1152;921,0;175,1;1354,1;565,2;747,7;50,5;324,6;226,7;227,5;227,5;3755;236,3;3704;236,3;131,9
f1_v0581_ohneperf.json;0.58.1;linux-xvfb;False;True;3;hell;3483;3704;1152;766,3;219,0;1399,3;552,5;750,4;37,7;310,3;236,3;236,3;236,3;3822;236,3;3704;236,3;131,9
f1_v0581_ohneperf.json;0.58.1;linux-xvfb;False;True;4;dunkel;3997;3704;1152;762,9;153,8;1694,7;634,9;960,2;48,1;377,3;236,3;236,3;236,3;4037;237,4;3704;237,4;131,9
f1_v0581_ohneperf.json;0.58.1;linux-xvfb;False;True;5;hell;3939;3704;1152;904,5;155,4;1388,3;603,2;1063,3;57,0;370,5;237,4;237,4;237,4;4542;237,4;3704;237,4;131,9
f1_v0581_ohneperf.json;0.58.1;linux-xvfb;False;True;6;dunkel;3731;3704;1152;928,4;137,9;1367,3;574,9;884,0;44,3;369,1;237,4;237,4;237,4;4480;237,4;3704;237,4;131,9
f1_v0581_r1.json;0.58.1;linux-xvfb;True;True;1;hell;4753;3982;1152;1213,7;236,4;1714,1;630,6;1140,8;61,7;386,3;184,8;202,4;202,4;4339;228,4;3704;228,4;131,7
f1_v0581_r1.json;0.58.1;linux-xvfb;True;True;2;dunkel;4311;3704;1152;980,1;162,5;1748,6;646,0;959,5;54,3;406,0;228,4;229,6;229,6;4235;238,4;3704;238,4;131,9
f1_v0581_r1.json;0.58.1;linux-xvfb;True;True;3;hell;3894;3704;1152;839,4;166,6;1531,2;678,6;871,7;39,4;445,7;238,4;238,4;238,4;3789;238,8;3704;238,8;131,9
f1_v0581_r1.json;0.58.1;linux-xvfb;True;True;4;dunkel;3666;3704;1152;778,4;143,6;1496,9;672,0;799,1;35,9;412,1;238,8;238,8;238,8;3878;239,9;3704;239,9;131,9
f1_v0581_r1.json;0.58.1;linux-xvfb;True;True;5;hell;3334;3704;1152;848,3;131,8;1270,8;534,9;683,1;46,0;354,0;239,9;239,9;239,9;4186;240,2;3704;240,2;131,9
f1_v0581_r1.json;0.58.1;linux-xvfb;True;True;6;dunkel;3375;3704;1152;689,2;129,6;1369,7;572,4;788,4;37,8;360,3;240,2;240,2;240,2;3964;240,2;3704;240,2;131,9
f1_v0581_r2.json;0.58.1;linux-xvfb;True;True;1;hell;3689;3982;1152;917,7;155,6;1325,1;527,3;889,9;47,9;352,8;181,9;200,3;200,3;4296;226,0;3704;226,0;131,7
f1_v0581_r2.json;0.58.1;linux-xvfb;True;True;2;dunkel;3552;3704;1152;834,7;136,6;1435,8;630,8;732,9;47,3;364,7;226,0;227,3;227,3;4434;236,2;3704;236,2;131,9
f1_v0581_r2.json;0.58.1;linux-xvfb;True;True;3;hell;3596;3704;1152;730,5;128,6;1336,2;558,6;1009,7;38,6;352,4;236,2;236,2;236,2;4098;236,6;3704;236,6;131,9
f1_v0581_r2.json;0.58.1;linux-xvfb;True;True;4;dunkel;3720;3704;1152;751,5;130,7;1519,3;612,3;899,2;45,9;373,4;236,6;236,6;236,6;3852;236,9;3704;236,9;131,9
f1_v0581_r2.json;0.58.1;linux-xvfb;True;True;5;hell;3552;3704;1152;715,2;154,3;1333,8;568,8;920,9;35,8;392,0;236,9;236,9;236,9;3900;237,3;3704;237,3;131,9
f1_v0581_r2.json;0.58.1;linux-xvfb;True;True;6;dunkel;3562;3704;1152;677,1;129,0;1318,8;593,3;999,5;43,5;394,1;237,3;237,3;237,3;3934;237,3;3704;237,3;131,9
f1_v0581_r3.json;0.58.1;linux-xvfb;True;True;1;hell;3805;3982;1152;1063,1;143,4;1333,8;622,6;828,1;50,6;386,0;181,8;200,3;200,3;4032;226,1;3704;226,1;131,7
f1_v0581_r3.json;0.58.1;linux-xvfb;True;True;2;dunkel;3607;3704;1152;904,8;132,0;1464,2;578,2;688,2;48,3;369,5;226,1;227,4;227,4;3698;236,2;3704;236,2;131,9
f1_v0581_r3.json;0.58.1;linux-xvfb;True;True;3;hell;3534;3704;1152;691,8;140,9;1368,6;595,8;896,2;40,0;396,5;236,2;236,2;236,2;4330;236,2;3704;236,6;131,9
f1_v0581_r3.json;0.58.1;linux-xvfb;True;True;4;dunkel;3537;3704;1152;809,6;131,0;1355,6;652,3;799,3;41,9;399,6;236,7;236,7;239,6;3702;244,4;3704;247,9;131,9
f1_v0581_r3.json;0.58.1;linux-xvfb;True;True;5;hell;3477;3704;1152;679,4;136,5;1530,6;590,4;700,8;46,8;382,9;247,9;247,9;250,9;3544;258,0;3704;261,5;131,9
f1_v0581_r3.json;0.58.1;linux-xvfb;True;True;6;dunkel;3520;3704;1152;687,7;149,8;1477,7;602,4;778,7;37,9;388,2;261,5;261,5;264,5;4006;270,5;3704;274,0;131,9
f1_v0581_sofort.json;0.58.1;linux-xvfb;True;False;1;hell;3541;3982;1152;961,8;133,8;1291,0;555,5;731,6;55,3;367,5;182,2;200,6;200,6;;226,4;3600;226,4;131,7
f1_v0581_sofort.json;0.58.1;linux-xvfb;True;False;2;dunkel;3372;3626;1552;775,4;123,1;1264,4;1377,8;795,7;45,4;368,0;226,4;235,3;235,3;;235,4;3600;235,4;131,9
f1_v0581_sofort.json;0.58.1;linux-xvfb;True;False;3;hell;3428;3626;1889;713,3;137,6;1363,1;2269,1;811,2;40,7;362,1;235,4;236,3;236,3;;236,3;3704;236,3;131,9
f1_v0581_sofort.json;0.58.1;linux-xvfb;True;False;4;dunkel;3678;3704;1152;802,6;190,0;1493,3;628,9;723,1;44,5;424,5;236,3;236,3;236,3;;236,7;3600;236,7;131,9
f1_v0581_sofort.json;0.58.1;linux-xvfb;True;False;5;hell;3644;3626;1889;694,8;134,3;1404,4;2137,9;941,8;53,6;415,1;236,7;236,7;236,7;;236,7;3704;236,7;131,9
f1_v0581_sofort.json;0.58.1;linux-xvfb;True;False;6;dunkel;3554;3704;1152;731,7;138,6;1365,2;592,2;889,9;40,0;388,6;236,7;236,7;236,7;;236,9;3600;236,9;131,9
f1_v0591_ohneperf.json;0.59.1;linux-xvfb;False;True;1;hell;3385;4111;1239;813,7;148,8;1287,7;420,9;825,1;46,2;263,5;184,9;204,5;204,5;3581;229,6;3791;229,6;131,5
f1_v0591_ohneperf.json;0.59.1;linux-xvfb;False;True;2;dunkel;3401;3791;1239;857,2;167,2;1303,8;543,2;746,9;52,7;273,2;229,6;231,1;231,1;4157;239,9;3791;239,9;131,7
f1_v0591_ohneperf.json;0.59.1;linux-xvfb;False;True;3;hell;3235;3791;1239;691,0;139,2;1238,6;474,6;829,4;42,2;294,6;239,9;239,9;239,9;3558;240,7;3791;240,7;131,7
f1_v0591_ohneperf.json;0.59.1;linux-xvfb;False;True;4;dunkel;3346;3791;1239;685,7;150,2;1286,6;490,9;887,7;38,8;297,0;240,7;240,7;240,7;3645;240,7;3791;240,7;131,7
f1_v0591_ohneperf.json;0.59.1;linux-xvfb;False;True;5;hell;3213;3791;1239;627,1;119,3;1190,5;445,8;959,4;39,6;277,1;240,7;240,7;240,7;3709;240,7;3791;240,7;131,7
f1_v0591_ohneperf.json;0.59.1;linux-xvfb;False;True;6;dunkel;3722;3791;1239;719,0;273,9;1388,1;574,6;960,1;42,5;338,4;240,7;240,7;240,7;3777;240,7;3791;240,7;131,7
f1_v0591_r1.json;0.59.1;linux-xvfb;True;True;1;hell;3591;4111;1239;910,2;143,6;1386,4;545,6;768,3;44,3;338,2;184,8;204,5;204,5;3873;229,5;3791;229,5;131,5
f1_v0591_r1.json;0.59.1;linux-xvfb;True;True;2;dunkel;3608;3791;1239;786,9;140,0;1433,1;600,9;806,9;45,1;396,0;229,5;231,1;231,1;3678;240,0;3791;240,0;131,7
f1_v0591_r1.json;0.59.1;linux-xvfb;True;True;3;hell;3357;3791;1239;705,6;166,3;1333,4;534,1;781,4;39,0;331,3;240,0;240,0;240,0;3591;240,0;3791;240,0;131,7
f1_v0591_r1.json;0.59.1;linux-xvfb;True;True;4;dunkel;3506;3791;1239;695,9;119,0;1423,8;590,5;869,5;43,3;354,5;240,0;240,0;240,0;3895;241,1;3791;241,1;131,7
f1_v0591_r1.json;0.59.1;linux-xvfb;True;True;5;hell;4011;3791;1239;843,7;161,8;1647,3;599,2;928,2;58,8;371,2;241,1;241,1;241,1;4074;241,1;3791;241,1;131,7
f1_v0591_r1.json;0.59.1;linux-xvfb;True;True;6;dunkel;4006;3791;1239;811,1;196,1;1762,8;604,8;821,4;43,4;371,2;241,1;241,1;241,1;4041;241,1;3791;241,1;131,7
f1_v0591_r2.json;0.59.1;linux-xvfb;True;True;1;hell;3547;4111;1239;883,6;160,3;1302,3;504,1;835,2;41,7;323,9;184,6;204,3;204,3;3866;229,3;3791;229,3;131,5
f1_v0591_r2.json;0.59.1;linux-xvfb;True;True;2;dunkel;3749;3791;1239;829,0;150,3;1429,7;668,9;866,7;47,4;425,9;229,3;230,9;230,9;4034;239,8;3791;239,8;131,7
f1_v0591_r2.json;0.59.1;linux-xvfb;True;True;3;hell;3480;3791;1239;749,8;146,5;1378,2;590,0;782,7;40,5;382,3;239,8;239,8;239,8;3839;239,8;3791;239,8;131,7
f1_v0591_r2.json;0.59.1;linux-xvfb;True;True;4;dunkel;3393;3791;1239;687,0;141,0;1286,4;539,2;884,3;43,3;351,0;239,8;239,8;239,8;3626;240,9;3791;240,9;131,7
f1_v0591_r2.json;0.59.1;linux-xvfb;True;True;5;hell;3667;3791;1239;698,5;133,8;1383,2;540,1;1039,8;45,8;365,9;240,9;240,9;240,9;3784;240,9;3791;240,9;131,7
f1_v0591_r2.json;0.59.1;linux-xvfb;True;True;6;dunkel;3640;3791;1239;738,2;126,0;1412,8;600,4;957,1;37,2;368,7;240,9;240,9;240,9;3913;240,9;3791;240,9;131,7
f1_v0591_r3.json;0.59.1;linux-xvfb;True;True;1;hell;3618;4111;1239;833,5;133,6;1269,0;513,5;1007,1;40,8;334,0;185,9;204,4;204,4;3771;229,6;3791;229,6;131,5
f1_v0591_r3.json;0.59.1;linux-xvfb;True;True;2;dunkel;3576;3791;1239;781,9;143,1;1426,5;579,5;829,6;45,4;349,5;229,6;231,0;231,0;3962;239,8;3791;239,8;131,7
f1_v0591_r3.json;0.59.1;linux-xvfb;True;True;3;hell;3433;3791;1239;653,3;148,8;1380,9;505,7;895,0;38,7;316,3;239,8;239,9;239,9;3828;240,6;3791;240,6;131,7
f1_v0591_r3.json;0.59.1;linux-xvfb;True;True;4;dunkel;3604;3791;1239;698,6;144,4;1385,3;577,1;975,6;37,6;362,5;240,6;240,6;240,6;3887;240,6;3791;240,6;131,7
f1_v0591_r3.json;0.59.1;linux-xvfb;True;True;5;hell;3470;3791;1239;642,8;137,5;1359,2;623,2;925,9;48,9;355,7;240,6;240,6;240,6;3764;240,6;3791;240,6;131,7
f1_v0591_r3.json;0.59.1;linux-xvfb;True;True;6;dunkel;3634;3791;1239;678,1;131,7;1398,8;606,1;992,7;40,7;392,0;240,6;240,6;240,6;3972;240,6;3791;240,6;131,7
f1_v0591_sofort.json;0.59.1;linux-xvfb;True;False;1;hell;3860;4111;1239;884,3;165,5;1314,9;560,0;1063,8;49,9;381,6;184,8;204,5;204,5;;230,2;3687;230,2;131,5
f1_v0591_sofort.json;0.59.1;linux-xvfb;True;False;2;dunkel;3411;3713;1976;723,4;146,5;1302,6;2317,5;856,6;44,0;337,9;230,2;238,8;238,8;;238,8;3791;238,8;131,7
f1_v0591_sofort.json;0.59.1;linux-xvfb;True;False;3;hell;3296;3791;1239;750,3;140,2;1250,9;513,8;781,9;33,6;339,1;238,8;238,8;238,8;;240,8;3687;240,8;131,7
f1_v0591_sofort.json;0.59.1;linux-xvfb;True;False;4;dunkel;3397;3765;1976;668,0;192,7;1288,7;2220,7;835,8;49,9;361,9;240,8;240,8;240,8;;240,8;3791;240,8;131,7
f1_v0591_sofort.json;0.59.1;linux-xvfb;True;False;5;hell;3601;3791;1239;713,3;138,2;1385,7;616,0;922,0;39,7;402,1;240,8;240,8;240,8;;240,8;3687;240,8;131,7
f1_v0591_sofort.json;0.59.1;linux-xvfb;True;False;6;dunkel;3256;3713;1976;676,1;124,9;1271,3;2130,4;816,3;36,7;330,7;240,8;240,8;240,8;;240,8;3791;240,8;131,7
windows_f1_v0581_r1.json;0.58.1;windows;True;True;1;hell;4069;3979;1152;1297,6;128,1;1529,0;764,6;613,7;48,5;452,1;177,2;198,8;198,8;0;230,2;3701;230,2;138,4
windows_f1_v0581_r1.json;0.58.1;windows;True;True;2;dunkel;3739;3701;1152;1128,0;106,5;1457,5;744,2;572,0;39,4;435,6;230,2;230,5;230,5;0;233,9;3701;233,9;138,5
windows_f1_v0581_r1.json;0.58.1;windows;True;True;3;hell;3671;3701;1152;1063,6;107,7;1471,2;753,8;566,3;27,3;434,9;233,9;233,9;233,9;0;235,1;3701;235,1;138,5
windows_f1_v0581_r1.json;0.58.1;windows;True;True;4;dunkel;3655;3701;1152;1067,3;107,1;1452,0;739,3;573,1;25,7;429,8;235,1;235,1;235,1;0;235,6;3701;235,6;138,5
windows_f1_v0581_r1.json;0.58.1;windows;True;True;5;hell;3664;3701;1152;1065,6;106,4;1449,7;743,5;577,0;24,6;440,7;235,6;235,6;235,6;0;235,7;3701;235,7;138,5
windows_f1_v0581_r1.json;0.58.1;windows;True;True;6;dunkel;3654;3701;1152;1057,2;107,7;1454,9;743,2;571,8;25,5;436,9;235,7;235,7;235,7;0;235,9;3701;235,9;138,5
windows_f1_v0581_r2.json;0.58.1;windows;True;True;1;hell;4072;3979;1152;1300,4;128,9;1541,9;760,3;602,3;47,0;451,5;177,2;199,2;199,2;0;230,8;3701;230,8;138,4
windows_f1_v0581_r2.json;0.58.1;windows;True;True;2;dunkel;3738;3701;1152;1136,9;107,3;1468,4;747,6;552,1;39,7;433,6;230,8;231,0;231,0;0;234,5;3701;234,5;138,5
windows_f1_v0581_r2.json;0.58.1;windows;True;True;3;hell;3670;3701;1152;1060,3;106,7;1472,4;750,7;561,6;24,6;444,4;234,5;234,5;234,5;0;235,0;3701;235,0;138,5
windows_f1_v0581_r2.json;0.58.1;windows;True;True;4;dunkel;3645;3701;1152;1064,6;106,9;1463,3;743,0;553,7;24,7;431,8;235,0;235,0;235,0;0;236,2;3701;236,2;138,5
windows_f1_v0581_r2.json;0.58.1;windows;True;True;5;hell;3676;3701;1152;1082,9;107,7;1461,4;743,3;562,1;25,3;436,6;236,2;236,2;236,2;0;236,5;3701;236,5;138,5
windows_f1_v0581_r2.json;0.58.1;windows;True;True;6;dunkel;3646;3701;1152;1060,8;107,5;1457,0;739,9;564,1;25,4;431,2;236,5;236,5;236,5;0;236,5;3701;236,5;138,5
windows_f1_v0591_r1.json;0.59.1;windows;True;True;1;hell;4322;4108;1239;1318,0;127,0;1523,7;872,3;746,3;47,5;559,5;178,7;201,7;201,7;0;232,1;3788;232,1;138,1
windows_f1_v0591_r1.json;0.59.1;windows;True;True;2;dunkel;3981;3788;1239;1156,3;107,1;1448,1;866,5;673,9;38,2;557,4;232,1;233,2;233,2;0;236,9;3788;236,9;138,3
windows_f1_v0591_r1.json;0.59.1;windows;True;True;3;hell;3977;3788;1239;1092,2;108,1;1491,3;874,0;703,1;27,1;555,2;236,9;236,9;236,9;0;237,1;3788;237,1;138,3
windows_f1_v0591_r1.json;0.59.1;windows;True;True;4;dunkel;3840;3788;1239;1059,6;106,5;1431,5;854,5;675,5;24,8;542,1;237,1;237,1;237,1;0;237,5;3788;237,5;138,3
windows_f1_v0591_r1.json;0.59.1;windows;True;True;5;hell;3814;3788;1239;1061,4;106,0;1425,8;847,1;649,9;25,8;545,1;237,5;237,6;237,6;0;237,9;3788;237,9;138,3
windows_f1_v0591_r1.json;0.59.1;windows;True;True;6;dunkel;3814;3788;1239;1070,4;107,2;1425,2;847,6;644,7;25,9;540,6;237,9;237,9;237,9;0;237,9;3788;237,9;138,3
windows_f1_v0591_r2.json;0.59.1;windows;True;True;1;hell;4297;4108;1239;1323,8;126,9;1517,0;861,9;732,4;46,9;550,0;178,7;202,0;202,0;0;231,6;3788;231,6;138,1
windows_f1_v0591_r2.json;0.59.1;windows;True;True;2;dunkel;4482;3788;1239;1152,1;108,9;1465,2;862,0;670,6;40,5;1044,7;231,6;232,5;232,5;0;235,9;3788;235,9;138,3
windows_f1_v0591_r2.json;0.59.1;windows;True;True;3;hell;3884;3788;1239;1089,4;114,7;1433,2;845,3;647,3;25,2;574,2;235,9;235,9;235,9;0;237,3;3788;237,3;138,3
windows_f1_v0591_r2.json;0.59.1;windows;True;True;4;dunkel;3831;3788;1239;1082,2;106,3;1426,3;847,8;650,6;24,8;540,8;237,3;237,3;237,3;0;237,5;3788;237,5;138,3
windows_f1_v0591_r2.json;0.59.1;windows;True;True;5;hell;3835;3788;1239;1086,6;107,6;1425,8;847,8;651,5;26,6;536,9;237,5;237,5;237,5;0;237,5;3788;237,5;138,3
windows_f1_v0591_r2.json;0.59.1;windows;True;True;6;dunkel;4129;3788;1239;1088,7;107,4;1451,6;859,8;678,3;25,0;778,0;237,5;237,5;237,5;0;237,6;3788;237,6;138,3
skal_v0591_ohnevorladen.json;0.59.1;linux-xvfb-ohnevorladen;True;True;1;hell;1916;1417;1157;240,3;152,0;1148,0;341,3;116,8;44,6;214,3;117,6;137,0;137,0;0;137,0;1157;137,0;46,0
skal_v0591_ohnevorladen.json;0.59.1;linux-xvfb-ohnevorladen;True;True;2;dunkel;1913;1157;1157;178,1;191,2;1144,1;371,5;124,9;37,5;237,2;137,0;137,5;137,5;0;137,5;1157;137,5;46,2
skal_v0591_ohnevorladen.json;0.59.1;linux-xvfb-ohnevorladen;True;True;3;hell;1664;1157;1157;137,3;140,7;1020,7;354,2;95,3;22,3;247,7;137,5;137,5;137,5;0;137,5;1157;137,5;46,2
skal_v0591_ohnevorladen.json;0.59.1;linux-xvfb-ohnevorladen;True;True;4;dunkel;1663;1157;1157;150,9;120,9;995,0;380,6;101,3;26,6;268,3;137,5;137,5;137,5;0;137,5;1157;137,5;46,2
skal_v0591_ohnevorladen.json;0.59.1;linux-xvfb-ohnevorladen;True;True;5;hell;1713;1157;1157;147,9;144,9;1077,9;384,5;94,3;26,7;221,3;137,5;137,5;137,5;0;137,5;1157;137,5;46,2
skal_v0591_ohnevorladen.json;0.59.1;linux-xvfb-ohnevorladen;True;True;6;dunkel;1600;1157;1157;140,2;116,6;1010,1;307,4;105,5;24,4;203,2;137,5;137,5;137,5;0;137,5;1157;137,5;46,2
f4_v0591_grenze1100.json;0.59.1;linux-xvfb-grenze1100;True;True;1;hell;4105;4111;1239;963,5;136,4;1491,0;611,1;1105,7;43,6;364,8;184,5;204,2;204,2;3851;229,2;3791;229,2;131,5
f4_v0591_grenze1100.json;0.59.1;linux-xvfb-grenze1100;True;True;2;dunkel;3429;3791;1239;901,4;155,9;1262,5;542,0;739,3;52,8;317,1;229,2;230,8;230,8;3811;239,6;3791;239,6;131,7
f4_v0591_grenze1100.json;0.59.1;linux-xvfb-grenze1100;True;True;3;hell;3330;3791;1239;661,4;132,9;1282,8;553,7;847,4;48,9;356,6;239,6;239,7;239,7;3608;240,2;3791;240,2;131,7
f4_v0591_grenze1100.json;0.59.1;linux-xvfb-grenze1100;True;True;4;dunkel;3736;3791;1239;810,6;168,9;1439,2;592,4;907,9;50,6;358,8;240,2;240,2;240,2;3753;240,2;3791;240,2;131,7
f4_v0591_grenze1100.json;0.59.1;linux-xvfb-grenze1100;True;True;5;hell;3405;3791;1239;675,7;127,9;1405,5;606,9;761,6;39,4;394,9;240,2;240,2;240,2;3767;240,7;3791;240,7;131,7
f4_v0591_grenze1100.json;0.59.1;linux-xvfb-grenze1100;True;True;6;dunkel;3360;3791;1239;633,1;136,3;1284,4;565,4;900,8;38,9;366,5;240,7;240,7;240,7;3870;240,7;3791;240,7;131,7
cpu25_v0581.json;0.58.1;linux-xvfb-cpu25;True;True;1;hell;18189;3982;1152;4089,8;693,2;6592,5;2916,3;4699,5;205,9;1908,1;182,4;200,6;200,6;0;226,7;3704;226,7;131,7
cpu25_v0581.json;0.58.1;linux-xvfb-cpu25;True;True;2;dunkel;15090;3704;1152;3411,3;595,3;5591,3;2585,8;3711,2;203,9;1577,0;226,7;227,8;227,8;0;236,6;3704;236,6;131,9
cpu25_v0581.json;0.58.1;linux-xvfb-cpu25;True;True;3;hell;15906;3704;1152;3188,4;604,2;5900,6;2763,2;4310,0;200,4;1702,4;236,6;236,6;236,6;0;236,9;3704;236,9;131,9
cpu25_v0591.json;0.59.1;linux-xvfb-cpu25;True;True;1;hell;16809;4111;1239;3785,8;602,9;6098,9;2233,0;4696,7;202,1;1422,6;185,8;204,3;204,3;0;229,5;3791;229,5;131,5
cpu25_v0591.json;0.59.1;linux-xvfb-cpu25;True;True;2;dunkel;15204;3791;1239;3286,8;509,2;5490,0;2398,5;4119,8;202,6;1595,6;229,5;231,0;231,0;0;239,8;3791;239,8;131,7
cpu25_v0591.json;0.59.1;linux-xvfb-cpu25;True;True;3;hell;15701;3791;1239;3198,6;606,9;6011,1;2315,7;4105,5;204,2;1574,7;239,8;239,8;239,8;0;239,8;3791;239,8;131,7
xwayland_f11_v0591_normal.json;0.59.1;xwayland;True;True;1;hell;4185;4115;1243;1136,4;121,2;1364,2;760,6;1003,5;57,2;502,5;187,8;208,4;208,4;4703;235,1;3795;235,1;140,6
xwayland_f11_v0591_normal.json;0.59.1;xwayland;True;True;2;dunkel;3943;3795;1243;1062,0;117,3;1357,8;763,4;865,7;67,9;472,3;235,1;236,5;236,5;4501;245,9;3795;245,9;144,1
xwayland_f11_v0591_normal.json;0.59.1;xwayland;True;True;3;hell;4457;3795;1243;1426,9;174,6;1465,6;702,9;888,7;51,4;449,8;245,9;245,9;245,9;4103;247,6;3795;247,6;144,1
xwayland_f11_v0591_normal.json;0.59.1;xwayland;True;True;4;dunkel;3563;3795;1243;891,4;130,9;1245,5;695,4;820,8;44,5;429,9;247,6;247,6;247,6;4550;247,6;3795;247,6;144,8
xwayland_f11_v0591_normal.json;0.59.1;xwayland;True;True;5;hell;4169;3795;1243;1069,2;126,2;1499,6;751,3;956,7;51,6;465,7;247,6;247,6;247,6;4455;248,3;3795;248,3;145,1
xwayland_f11_v0591_normal.json;0.59.1;xwayland;True;True;6;dunkel;4008;3795;1243;1021,1;117,5;1392,6;666,9;1016,9;52,8;407,1;248,3;248,3;248,3;4347;248,3;3795;248,3;145,1
xwayland_f11_v0591_normal.json;0.59.1;xwayland;True;True;7;hell;3878;3795;1243;929,9;130,5;1528,7;758,9;799,8;54,1;435,0;248,3;248,3;248,3;4302;248,3;3795;248,3;145,1
xwayland_f11_v0591_normal.json;0.59.1;xwayland;True;True;8;dunkel;3671;3795;1243;868,8;138,5;1341,6;669,6;850,0;49,4;422,7;248,3;248,3;248,3;4230;248,3;3795;248,3;145,1
xwayland_f11_v0591_normal.json;0.59.1;xwayland;True;True;9;hell;3916;3795;1243;938,5;138,3;1353,0;674,6;993,2;52,2;440,8;248,3;248,3;248,3;3492;248,3;3795;248,3;145,1
xwayland_f11_v0591_normal.json;0.59.1;xwayland;True;True;10;dunkel;3824;3795;1243;963,8;162,8;1316,9;785,5;838,8;50,5;491,2;248,3;248,3;248,3;4544;248,8;3795;248,8;145,1
xwayland_f11_v0591_cpu25_v1.json;0.59.1;xwayland-cpu25;True;True;1;hell;13522;4148;1243;2503,5;505,8;4890,0;1952,8;4193,2;202,5;1227,0;189,1;209,4;209,4;0;235,3;3795;235,3;141,0
xwayland_f11_v0591_cpu25_v1.json;0.59.1;xwayland-cpu25;True;True;2;dunkel;13196;3795;1243;2324,1;487,1;4993,7;2143,5;3712,0;207,7;1471,4;235,3;237,4;237,4;0;246,3;3828;246,3;141,2
xwayland_f11_v0591_cpu25_v1.json;0.59.1;xwayland-cpu25;True;True;3;hell;13815;3828;1243;2005,5;592,1;5529,7;2008,2;4290,2;116,0;1281,5;246,3;246,3;246,3;0;247,3;3795;247,3;142,3
xwayland_f11_v0591_cpu25_v1.json;0.59.1;xwayland-cpu25;True;True;4;dunkel;13183;3795;1243;1804,3;508,0;5201,1;1985,8;4213,7;188,8;1267,1;247,3;247,3;247,3;0;247,4;3795;247,4;142,9
xwayland_f11_v0591_cpu25_v2.json;0.59.1;xwayland-cpu25;True;True;1;hell;13818;4148;1243;2415,2;508,2;5001,4;2118,7;4289,8;202,8;1400,6;189,1;209,5;209,5;0;236,6;3828;236,6;141,4
xwayland_f11_v0591_cpu25_v2.json;0.59.1;xwayland-cpu25;True;True;2;dunkel;13093;3828;1243;2015,5;503,9;4610,0;2024,7;4379,9;202,6;1381,1;236,6;238,2;238,2;0;247,0;3795;247,0;141,6
xwayland_f11_v0591_cpu25_v2.json;0.59.1;xwayland-cpu25;True;True;3;hell;13287;3795;1243;1710,5;415,7;4915,0;2034,7;4608,5;188,2;1449,1;247,0;247,1;247,1;0;247,1;3795;247,1;141,6
xwayland_f11_v0591_cpu25_v2.json;0.59.1;xwayland-cpu25;True;True;4;dunkel;12817;3795;1243;1711,9;651,7;4666,0;2087,0;4205,6;191,3;1390,5;247,1;247,1;247,1;0;248,1;3830;248,1;141,6
