datei;version;start_ms;rss_start;vorladen_ms;rss_nach_vorladen;rss_spitze_vorladen;elemente_nach_vorladen;rss_nach_seiten;elemente_nach_seiten;opt_elemente;schliessen_on_close_ms
f1_v0581_ohneperf.json;0.58.1;1108;103.1;7284;173.9;173.9;3704;182.2;3982;731;562
f1_v0581_r1.json;0.58.1;1236;117.5;8189;176.4;176.4;3704;184.8;3982;731;463
f1_v0581_r2.json;0.58.1;1086;103.0;7312;173.7;173.7;3704;181.9;3982;731;421
f1_v0581_r3.json;0.58.1;1049;103.1;7312;173.8;173.8;3704;181.8;3982;731;615
f1_v0581_sofort.json;0.58.1;1266;103.4;7158;174.1;174.1;3704;182.2;3982;731;502
f1_v0591_ohneperf.json;0.59.1;1247;105.7;7041;176.4;176.4;3791;184.9;4111;818;479
f1_v0591_r1.json;0.59.1;1108;105.2;7506;176.3;176.3;3791;184.8;4111;818;490
f1_v0591_r2.json;0.59.1;1181;105.4;7436;176.1;176.1;3791;184.6;4111;818;491
f1_v0591_r3.json;0.59.1;2384;105.0;7457;176.2;176.2;3791;185.9;4111;818;589
f1_v0591_sofort.json;0.59.1;1021;105.2;7385;176.4;176.4;3791;184.8;4111;818;519
windows_f1_v0581_r1.json;0.58.1;1692;95.9;8566;173.6;173.6;3701;177.2;3979;731;577
windows_f1_v0581_r2.json;0.58.1;1704;96.0;8615;173.6;173.6;3701;177.2;3979;731;579
windows_f1_v0591_r1.json;0.59.1;1870;95.8;8838;174.3;174.3;3788;178.7;4108;818;643
windows_f1_v0591_r2.json;0.59.1;1870;95.9;8824;174.3;174.3;3788;178.7;4108;818;636
skal_v0591_ohnevorladen.json;0.59.1;1229;104.8;0;104.8;104.8;505;104.8;505;818;63
f4_v0591_grenze1100.json;0.59.1;1101;105.3;7228;176.0;176.0;3791;184.5;4111;818;549
cpu25_v0581.json;0.58.1;28695;167.1;0;174.1;174.1;3704;182.4;3982;731;2184
cpu25_v0591.json;0.59.1;28913;169.2;0;176.2;176.2;3791;185.8;4111;818;2201
xwayland_f11_v0591_normal.json;0.59.1;1358;105.1;7816;179.3;179.3;3795;187.8;4115;818;547
xwayland_f11_v0591_cpu25_v1.json;0.59.1;25520;173.2;0;180.6;180.6;3828;189.1;4148;818;2516
xwayland_f11_v0591_cpu25_v2.json;0.59.1;24511;173.5;0;180.7;180.7;3828;189.1;4148;818;2408
