zeit;version;geraet;system;ereignis;von;nach;dauer_ms;max_ms;anzahl;ereignisse;speicher_mb;privat_mb;elemente;aufgaben;customtkinter
2026-10-07T05:15:41.942;0.59.1;PC;Linux 6.18.44-fc-v77;start;;;;;;;105,2;;;;6.0.0
2026-10-07T05:15:49.499;0.59.1;PC;Linux 6.18.44-fc-v77;seite;dashboard;game;27,4;;;;169,4;;3579;25;
2026-10-07T05:15:50.517;0.59.1;PC;Linux 6.18.44-fc-v77;seite;game;dashboard;119,5;;;;181,6;;3791;25;
2026-10-07T05:15:50.600;0.59.1;PC;Linux 6.18.44-fc-v77;seite;dashboard;cards;28,2;;;;181,6;;3791;26;
2026-10-07T05:15:50.675;0.59.1;PC;Linux 6.18.44-fc-v77;seite;cards;quiz;27,9;;;;181,6;;3791;27;
2026-10-07T05:15:50.800;0.59.1;PC;Linux 6.18.44-fc-v77;seite;quiz;progress;81,9;;;;184,2;;3791;28;
2026-10-07T05:15:51.116;0.59.1;PC;Linux 6.18.44-fc-v77;seite;progress;notebook;267,0;;;;184,2;;3791;29;
2026-10-07T05:15:51.201;0.59.1;PC;Linux 6.18.44-fc-v77;seite;notebook;calc;27,6;;;;184,2;;3791;27;
2026-10-07T05:15:51.344;0.59.1;PC;Linux 6.18.44-fc-v77;seite;calc;ap1scenarios;81,4;;;;184,2;;3791;27;
2026-10-07T05:15:51.473;0.59.1;PC;Linux 6.18.44-fc-v77;seite;ap1scenarios;scenarios;61,4;;;;184,2;;3791;28;
2026-10-07T05:15:51.594;0.59.1;PC;Linux 6.18.44-fc-v77;seite;scenarios;testproject;64,1;;;;184,2;;3791;28;
2026-10-07T05:15:51.840;0.59.1;PC;Linux 6.18.44-fc-v77;seite;testproject;abschluss;188,5;;;;184,2;;3791;28;
2026-10-07T05:15:52.310;0.59.1;PC;Linux 6.18.44-fc-v77;seite;abschluss;help;283,2;;;;184,8;;4111;28;
2026-10-07T05:15:52.685;0.59.1;PC;Linux 6.18.44-fc-v77;seite;help;settings;38,9;;;;184,8;;4111;26;
2026-10-07T05:15:55.366;0.59.1;PC;Linux 6.18.44-fc-v77;seite;;settings;1386,5;;;;203,8;;5358;29;
2026-10-07T05:15:56.416;0.59.1;PC;Linux 6.18.44-fc-v77;darstellung;dunkel cyan_pink violett;hell cyan_pink violett;3584,0;;;;204,5;;1239;6;
2026-10-07T05:15:56.769;0.59.1;PC;Linux 6.18.44-fc-v77;seite;settings;dashboard;308,0;;;;212,2;;1496;9;
2026-10-07T05:15:57.581;0.59.1;PC;Linux 6.18.44-fc-v77;seite;dashboard;progress;327,1;;;;218,7;;1660;8;
2026-10-07T05:15:59.134;0.59.1;PC;Linux 6.18.44-fc-v77;seite;progress;cards;27,6;;;;223,4;;2236;8;
2026-10-07T05:16:03.113;0.59.1;PC;Linux 6.18.44-fc-v77;seite;cards;settings;29,4;;;;229,5;;3791;25;
2026-10-07T05:16:05.668;0.59.1;PC;Linux 6.18.44-fc-v77;seite;;settings;1433,2;;;;231,0;;5038;28;
2026-10-07T05:16:06.812;0.59.1;PC;Linux 6.18.44-fc-v77;darstellung;hell cyan_pink violett;dunkel cyan_pink violett;3601,1;;;;231,1;;1239;6;
2026-10-07T05:16:07.489;0.59.1;PC;Linux 6.18.44-fc-v77;seite;settings;dashboard;637,6;;;;236,1;;1499;8;
2026-10-07T05:16:07.925;0.59.1;PC;Linux 6.18.44-fc-v77;seite;dashboard;progress;400,0;;;;239,9;;1660;8;
2026-10-07T05:16:08.523;0.59.1;PC;Linux 6.18.44-fc-v77;seite;progress;cards;405,9;;;;239,9;;1899;9;
2026-10-07T05:16:12.923;0.59.1;PC;Linux 6.18.44-fc-v77;seite;cards;settings;27,3;;;;240,0;;3791;25;
2026-10-07T05:16:15.322;0.59.1;PC;Linux 6.18.44-fc-v77;seite;;settings;1333,4;;;;240,0;;5038;28;
2026-10-07T05:16:16.374;0.59.1;PC;Linux 6.18.44-fc-v77;darstellung;dunkel cyan_pink violett;hell cyan_pink violett;3349,5;;;;240,0;;1239;7;
2026-10-07T05:16:16.967;0.59.1;PC;Linux 6.18.44-fc-v77;seite;settings;dashboard;554,1;;;;240,0;;1499;8;
2026-10-07T05:16:17.393;0.59.1;PC;Linux 6.18.44-fc-v77;seite;dashboard;progress;389,2;;;;240,0;;1660;9;
2026-10-07T05:16:17.958;0.59.1;PC;Linux 6.18.44-fc-v77;seite;progress;cards;369,6;;;;240,0;;1899;9;
2026-10-07T05:16:22.317;0.59.1;PC;Linux 6.18.44-fc-v77;seite;cards;settings;26,3;;;;240,0;;3791;25;
2026-10-07T05:16:24.787;0.59.1;PC;Linux 6.18.44-fc-v77;seite;;settings;1423,8;;;;240,0;;5038;28;
2026-10-07T05:16:25.952;0.59.1;PC;Linux 6.18.44-fc-v77;darstellung;hell cyan_pink violett;dunkel cyan_pink violett;3498,8;;;;240,0;;1239;6;
2026-10-07T05:16:26.645;0.59.1;PC;Linux 6.18.44-fc-v77;seite;settings;dashboard;652,3;;;;240,0;;1499;8;
2026-10-07T05:16:27.137;0.59.1;PC;Linux 6.18.44-fc-v77;seite;dashboard;progress;450,3;;;;241,1;;1660;8;
2026-10-07T05:16:27.760;0.59.1;PC;Linux 6.18.44-fc-v77;seite;progress;cards;411,2;;;;241,1;;1899;8;
2026-10-07T05:16:32.459;0.59.1;PC;Linux 6.18.44-fc-v77;seite;cards;settings;40,6;;;;241,1;;3791;25;
2026-10-07T05:16:35.376;0.59.1;PC;Linux 6.18.44-fc-v77;seite;;settings;1647,4;;;;241,1;;5038;28;
2026-10-07T05:16:36.612;0.59.1;PC;Linux 6.18.44-fc-v77;darstellung;dunkel cyan_pink violett;hell cyan_pink violett;4003,4;;;;241,1;;1239;6;
2026-10-07T05:16:37.265;0.59.1;PC;Linux 6.18.44-fc-v77;seite;settings;dashboard;613,8;;;;241,1;;1499;8;
2026-10-07T05:16:37.724;0.59.1;PC;Linux 6.18.44-fc-v77;seite;dashboard;progress;422,5;;;;241,1;;1660;8;
2026-10-07T05:16:38.348;0.59.1;PC;Linux 6.18.44-fc-v77;seite;progress;cards;373,5;;;;241,1;;1899;8;
2026-10-07T05:16:43.363;0.59.1;PC;Linux 6.18.44-fc-v77;seite;cards;settings;28,7;;;;241,1;;3791;25;
2026-10-07T05:16:46.386;0.59.1;PC;Linux 6.18.44-fc-v77;seite;;settings;1762,9;;;;241,1;;5038;28;
2026-10-07T05:16:47.512;0.59.1;PC;Linux 6.18.44-fc-v77;darstellung;hell cyan_pink violett;dunkel cyan_pink violett;3998,1;;;;241,1;;1239;6;
2026-10-07T05:16:48.221;0.59.1;PC;Linux 6.18.44-fc-v77;seite;settings;dashboard;663,9;;;;241,1;;1499;8;
2026-10-07T05:16:48.693;0.59.1;PC;Linux 6.18.44-fc-v77;seite;dashboard;progress;436,2;;;;241,1;;1660;8;
2026-10-07T05:16:49.244;0.59.1;PC;Linux 6.18.44-fc-v77;seite;progress;cards;361,8;;;;241,1;;1899;9;
